PORT,NAME,AF0,AF1,AF2,AF3,AF4,AF5,AF6,AF7,AF8,AF9,AF10,AF11,AF12,AF13,AF14,AF15,ADC1,ADC2,ADC3,ACMP
,ONOFF,SRC_RESET_B,,,,,,,,,,,,,,,,,,,
,WAKEUP,,,,,,GPIO13_PIN0,,NMI_GLUE_NMI,,,,,,,,,,,,
,PMIC_ON_REQ,SNVS_LP_PMIC_ON_REQ,,,,,GPIO13_PIN1,,,,,,,,,,,,,,
,PMIC_STBY_REQ,CCM_PMIC_VSTBY_REQ,,,,,GPIO13_PIN2,,,,,,,,,,,,,,
,SNVS_00,SNVS_LP_TAMPER0,,,,,GPIO13_PIN3,,,,,,,,,,,,,,
,SNVS_01,SNVS_LP_TAMPER1,,,,,GPIO13_PIN4,,,,,,,,,,,,,,
,SNVS_02,SNVS_LP_TAMPER2,,,,,GPIO13_PIN5,,,,,,,,,,,,,,
,SNVS_03,SNVS_LP_TAMPER3,,,,,GPIO13_PIN6,,,,,,,,,,,,,,
,SNVS_04,SNVS_LP_TAMPER4,,,,,GPIO13_PIN7,,,,,,,,,,,,,,
,SNVS_05,SNVS_LP_TAMPER5,,,,,GPIO13_PIN8,,,,,,,,,,,,,,
,SNVS_06,SNVS_LP_TAMPER6,,,,,GPIO13_PIN9,,,,,,,,,,,,,,
,SNVS_07,SNVS_LP_TAMPER7,,,,,GPIO13_PIN10,,,,,,,,,,,,,,
,SNVS_08,SNVS_LP_TAMPER8,,,,,GPIO13_PIN11,,,,,,,,,,,,,,
,SNVS_09,SNVS_LP_TAMPER9,,,,,GPIO13_PIN12,,,,,,,,,,,,,,
,LPSR_00,CAN3_TX,MIC_CLK,MQS_RIGHT,CM4_IMXRT_TXEV,,GPIO6_PIN0,LPUART12_TX,SAI4_MCLK,,,GPIO12_PIN0,,,,,,,,,
,LPSR_01,CAN3_RX,MIC_BITSTREAM0,MQS_LEFT,CM4_IMXRT_RXEV,,GPIO6_PIN1,LPUART12_RX,,,,GPIO12_PIN1,,,,,,,,,
,LPSR_02,SRC_BOOT_MODE0,LPSPI5_SCK,SAI4_TX_DATA,MQS_RIGHT,,GPIO6_PIN2,,,,,GPIO12_PIN2,,,,,,,,,
,LPSR_03,SRC_BOOT_MODE1,LPSPI5_PCS0,SAI4_TX_SYNC,MQS_LEFT,,GPIO6_PIN3,,,,,GPIO12_PIN3,,,,,,,,,
,LPSR_04,LPI2C5_SDA,LPSPI5_SDO,SAI4_TX_BCLK,LPUART12_RTS_B,,GPIO6_PIN4,LPUART11_TX,,,,GPIO12_PIN4,,,,,,,,,
,LPSR_05,LPI2C5_SCL,LPSPI5_SDI,SAI4_MCLK,LPUART12_CTS_B,,GPIO6_PIN5,LPUART11_RX,NMI_GLUE_NMI,,,GPIO12_PIN5,,,,,,,,,
,LPSR_06,LPI2C6_SDA,,SAI4_RX_DATA,LPUART12_TX,LPSPI6_PCS3,GPIO6_PIN6,CAN3_TX,PIT2_TRIGGER3,LPSPI5_PCS1,,GPIO12_PIN6,,,,,,,,,
,LPSR_07,LPI2C6_SCL,,SAI4_RX_BCLK,LPUART12_RX,LPSPI6_PCS2,GPIO6_PIN7,CAN3_RX,PIT2_TRIGGER2,LPSPI5_PCS2,,GPIO12_PIN7,,,,,,,,,
,LPSR_08,LPUART11_TX,CAN3_TX,SAI4_RX_SYNC,MIC_CLK,LPSPI6_PCS1,GPIO6_PIN8,LPI2C5_SDA,PIT2_TRIGGER1,LPSPI5_PCS3,,GPIO12_PIN8,,,,,,,,,
,LPSR_09,LPUART11_RX,CAN3_RX,PIT2_TRIGGER0,MIC_BITSTREAM0,LPSPI6_PCS0,GPIO6_PIN9,LPI2C5_SCL,SAI4_TX_DATA,,,GPIO12_PIN9,,,,,,,,,
,LPSR_10,JTAG_MUX_TRSTB,LPUART11_CTS_B,LPI2C6_SDA,MIC_BITSTREAM1,LPSPI6_SCK,GPIO6_PIN10,LPI2C5_SCLS,SAI4_TX_SYNC,LPUART12_TX,,GPIO12_PIN10,,,,,,,,,
,LPSR_11,JTAG_MUX_TDO,LPUART11_RTS_B,LPI2C6_SCL,MIC_BITSTREAM2,LPSPI6_SDO,GPIO6_PIN11,LPI2C5_SDAS,CSSYS_TRACE_SWO,LPUART12_RX,,GPIO12_PIN11,,,,,,,,,
,LPSR_12,JTAG_MUX_TDI,PIT2_TRIGGER0,,MIC_BITSTREAM3,LPSPI6_SDI,GPIO6_PIN12,LPI2C5_HREQ,SAI4_TX_BCLK,LPSPI5_SCK,,GPIO12_PIN12,,,,,,,,,
,LPSR_13,JTAG_MUX_MOD,MIC_BITSTREAM1,PIT2_TRIGGER1,,,GPIO6_PIN13,,SAI4_RX_DATA,LPSPI5_PCS0,,GPIO12_PIN13,,,,,,,,,
,LPSR_14,JTAG_MUX_TCK,MIC_BITSTREAM2,PIT2_TRIGGER2,,,GPIO6_PIN14,,SAI4_RX_BCLK,LPSPI5_SDO,,GPIO12_PIN14,,,,,,,,,
,LPSR_15,JTAG_MUX_TMS,MIC_BITSTREAM3,PIT2_TRIGGER3,,,GPIO6_PIN15,,SAI4_RX_SYNC,LPSPI5_SDI,,GPIO12_PIN15,,,,,,,,,
,EMC_B1_00,SEMC_DATA0,FLEXPWM4_PWMA0,,,,GPIO1_PIN0,,USBPHY1_TSTI_TX_LS_MODE,FLEXIO1_FLEXIO0,,GPIO7_PIN0,,,,,,,,,
,EMC_B1_01,SEMC_DATA1,FLEXPWM4_PWMB0,,,,GPIO1_PIN1,,USBPHY1_TSTI_TX_HS_MODE,FLEXIO1_FLEXIO1,,GPIO7_PIN1,,,,,,,,,
,EMC_B1_02,SEMC_DATA2,FLEXPWM4_PWMA1,,,,GPIO1_PIN2,,USBPHY1_TSTI_TX_DN,FLEXIO1_FLEXIO2,,GPIO7_PIN2,,,,,,,,,
,EMC_B1_03,SEMC_DATA3,FLEXPWM4_PWMB1,,,,GPIO1_PIN3,,USBPHY1_TSTO_RX_SQUELCH,FLEXIO1_FLEXIO3,,GPIO7_PIN3,,,,,,,,,
,EMC_B1_04,SEMC_DATA4,FLEXPWM4_PWMA2,,,,GPIO1_PIN4,,USBPHY1_TSTO_RX_DISCON_DET,FLEXIO1_FLEXIO4,,GPIO7_PIN4,,,,,,,,,
,EMC_B1_05,SEMC_DATA5,FLEXPWM4_PWMB2,,,,GPIO1_PIN5,,USBPHY1_TSTO_RX_HS_RXD,FLEXIO1_FLEXIO5,,GPIO7_PIN5,,,,,,,,,
,EMC_B1_06,SEMC_DATA6,FLEXPWM2_PWMA0,,,,GPIO1_PIN6,,USBPHY2_TSTO_RX_FS_RXD,FLEXIO1_FLEXIO6,,GPIO7_PIN6,,,,,,,,,
,EMC_B1_07,SEMC_DATA7,FLEXPWM2_PWMB0,,,,GPIO1_PIN7,,USBPHY1_TSTO_RX_FS_RXD,FLEXIO1_FLEXIO7,,GPIO7_PIN7,,,,,,,,,
,EMC_B1_08,SEMC_DM0,FLEXPWM2_PWMA1,,,,GPIO1_PIN8,,USBPHY1_TSTI_TX_DP,FLEXIO1_FLEXIO8,,GPIO7_PIN8,,,,,,,,,
,EMC_B1_09,SEMC_ADDR0,FLEXPWM2_PWMB1,GPT5_CAPTURE1,,,GPIO1_PIN9,,USBPHY1_TSTI_TX_EN,FLEXIO1_FLEXIO9,,GPIO7_PIN9,,,,,,,,,
,EMC_B1_10,SEMC_ADDR1,FLEXPWM2_PWMA2,GPT5_CAPTURE2,,,GPIO1_PIN10,,USBPHY1_TSTI_TX_HIZ,FLEXIO1_FLEXIO10,,GPIO7_PIN10,,,,,,,,,
,EMC_B1_11,SEMC_ADDR2,FLEXPWM2_PWMB2,GPT5_COMPARE1,,,GPIO1_PIN11,,USBPHY2_TSTO_RX_HS_RXD,FLEXIO1_FLEXIO11,,GPIO7_PIN11,,,,,,,,,
,EMC_B1_12,SEMC_ADDR3,XBAR1_XBAR_INOUT4,GPT5_COMPARE2,,,GPIO1_PIN12,,USBPHY1_TSTO_PLL_CLK20DIV,FLEXIO1_FLEXIO12,,GPIO7_PIN12,,,,,,,,,
,EMC_B1_13,SEMC_ADDR4,XBAR1_XBAR_INOUT5,GPT5_COMPARE3,,,GPIO1_PIN13,,USBPHY2_TSTO_PLL_CLK20DIV,FLEXIO1_FLEXIO13,,GPIO7_PIN13,,,,,,,,,
,EMC_B1_14,SEMC_ADDR5,XBAR1_XBAR_INOUT6,GPT5_CLK,,,GPIO1_PIN14,,USBPHY2_TSTO_RX_SQUELCH,FLEXIO1_FLEXIO14,,GPIO7_PIN14,,,,,,,,,
,EMC_B1_15,SEMC_ADDR6,XBAR1_XBAR_INOUT7,,,,GPIO1_PIN15,,USBPHY2_TSTO_RX_DISCON_DET,FLEXIO1_FLEXIO15,,GPIO7_PIN15,,,,,,,,,
,EMC_B1_16,SEMC_ADDR7,XBAR1_XBAR_INOUT8,,,,GPIO1_PIN16,,ANATOP_WB_TSTO,FLEXIO1_FLEXIO16,,GPIO7_PIN16,,,,,,,,,
,EMC_B1_17,SEMC_ADDR8,FLEXPWM4_PWMA3,QTIMER1_TIMER0,,,GPIO1_PIN17,,ANATOP_WB_OK,FLEXIO1_FLEXIO17,,GPIO7_PIN17,,,,,,,,,
,EMC_B1_18,SEMC_ADDR9,FLEXPWM4_PWMB3,QTIMER2_TIMER0,,,GPIO1_PIN18,,,FLEXIO1_FLEXIO18,,GPIO7_PIN18,,,,,,,,,
,EMC_B1_19,SEMC_ADDR11,FLEXPWM2_PWMA3,QTIMER3_TIMER0,,,GPIO1_PIN19,,,FLEXIO1_FLEXIO19,,GPIO7_PIN19,,,,,,,,,
,EMC_B1_20,SEMC_ADDR12,FLEXPWM2_PWMB3,QTIMER4_TIMER0,,,GPIO1_PIN20,,,FLEXIO1_FLEXIO20,,GPIO7_PIN20,,,,,,,,,
,EMC_B1_21,SEMC_BA0,FLEXPWM3_PWMA3,,,,GPIO1_PIN21,,,FLEXIO1_FLEXIO21,,GPIO7_PIN21,,,,,,,,,
,EMC_B1_22,SEMC_BA1,FLEXPWM3_PWMB3,,,,GPIO1_PIN22,,,FLEXIO1_FLEXIO22,,GPIO7_PIN22,,,,,,,,,
,EMC_B1_23,SEMC_ADDR10,FLEXPWM1_PWMA0,,,,GPIO1_PIN23,,,FLEXIO1_FLEXIO23,,GPIO7_PIN23,,,,,,,,,
,EMC_B1_24,SEMC_CAS,FLEXPWM1_PWMB0,,,,GPIO1_PIN24,,,FLEXIO1_FLEXIO24,,GPIO7_PIN24,,,,,,,,,
,EMC_B1_25,SEMC_RAS,FLEXPWM1_PWMA1,,,,GPIO1_PIN25,,,FLEXIO1_FLEXIO25,,GPIO7_PIN25,,,,,,,,,
,EMC_B1_26,SEMC_CLK,FLEXPWM1_PWMB1,,,,GPIO1_PIN26,,,FLEXIO1_FLEXIO26,,GPIO7_PIN26,,,,,,,,,
,EMC_B1_27,SEMC_CKE,FLEXPWM1_PWMA2,,,,GPIO1_PIN27,,,FLEXIO1_FLEXIO27,,GPIO7_PIN27,,,,,,,,,
,EMC_B1_28,SEMC_WE,FLEXPWM1_PWMB2,,,,GPIO1_PIN28,,,FLEXIO1_FLEXIO28,,GPIO7_PIN28,,,,,,,,,
,EMC_B1_29,SEMC_CS0,FLEXPWM3_PWMA0,,,,GPIO1_PIN29,,,FLEXIO1_FLEXIO29,,GPIO7_PIN29,,,,,,,,,
,EMC_B1_30,SEMC_DATA8,FLEXPWM3_PWMB0,,,,GPIO1_PIN30,,,FLEXIO1_FLEXIO30,,GPIO7_PIN30,,,,,,,,,
,EMC_B1_31,SEMC_DATA9,FLEXPWM3_PWMA1,,,,GPIO1_PIN31,,,FLEXIO1_FLEXIO31,,GPIO7_PIN31,,,,,,,,,
,EMC_B1_32,SEMC_DATA10,FLEXPWM3_PWMB1,,,,GPIO2_PIN0,,,,,GPIO8_PIN0,,,,,,,,,
,EMC_B1_33,SEMC_DATA11,FLEXPWM3_PWMA2,,,,GPIO2_PIN1,,,,,GPIO8_PIN1,,,,,,,,,
,EMC_B1_34,SEMC_DATA12,FLEXPWM3_PWMB2,,,,GPIO2_PIN2,,,,,GPIO8_PIN2,,,,,,,,,
,EMC_B1_35,SEMC_DATA13,XBAR1_XBAR_INOUT9,,,,GPIO2_PIN3,,,,,GPIO8_PIN3,,,,,,,,,
,EMC_B1_36,SEMC_DATA14,XBAR1_XBAR_INOUT10,,,,GPIO2_PIN4,,,,,GPIO8_PIN4,,,,,,,,,
,EMC_B1_37,SEMC_DATA15,XBAR1_XBAR_INOUT11,,,,GPIO2_PIN5,,SRC_SYSTEM_RESET,,,GPIO8_PIN5,,,,,,,,,
,EMC_B1_38,SEMC_DM1,FLEXPWM1_PWMA3,QTIMER1_TIMER1,,,GPIO2_PIN6,,SRC_EARLY_RESET,,,GPIO8_PIN6,,,,,,,,,
,EMC_B1_39,SEMC_DQS,FLEXPWM1_PWMB3,QTIMER2_TIMER1,,,GPIO2_PIN7,,SRC_WAKEUPMIX_RESET,,,GPIO8_PIN7,,,,,,,,,
,EMC_B1_40,SEMC_RDY,XBAR1_XBAR_INOUT12,MQS_RIGHT,LPUART6_TX,,GPIO2_PIN8,,ENET_1G_MDC,,CCM_CLKO1,GPIO8_PIN8,,,,,,,,,
,EMC_B1_41,SEMC_CSX0,XBAR1_XBAR_INOUT13,MQS_LEFT,LPUART6_RX,FLEXSPI2_B_DATA7,GPIO2_PIN9,,ENET_1G_MDIO,,CCM_CLKO2,GPIO8_PIN9,,,,,,,,,
,EMC_B2_00,SEMC_DATA16,CCM_ENET_REF_CLK_25M,QTIMER3_TIMER1,LPUART6_CTS_B,FLEXSPI2_B_DATA6,GPIO2_PIN10,XBAR1_XBAR_INOUT20,ENET_QOS_1588_EVENT1_OUT,LPSPI1_SCK,LPI2C2_SCL,GPIO8_PIN10,FLEXPWM3_PWMA0,,,,,,,,
,EMC_B2_01,SEMC_DATA17,USDHC2_CD_B,QTIMER4_TIMER1,LPUART6_RTS_B,FLEXSPI2_B_DATA5,GPIO2_PIN11,XBAR1_XBAR_INOUT21,ENET_QOS_1588_EVENT1_IN,LPSPI1_PCS0,LPI2C2_SDA,GPIO8_PIN11,FLEXPWM3_PWMB0,,,,,,,,
,EMC_B2_02,SEMC_DATA18,USDHC2_WP,,VIDEO_MUX_CSI_DATA23,FLEXSPI2_B_DATA4,GPIO2_PIN12,XBAR1_XBAR_INOUT22,ENET_QOS_1588_EVENT1_AUX_IN,LPSPI1_SDO,CCM_OBS_M7_CLKO1,GPIO8_PIN12,FLEXPWM3_PWMA1,,,,,,,,
,EMC_B2_03,SEMC_DATA19,USDHC2_VSELECT,,VIDEO_MUX_CSI_DATA22,FLEXSPI2_B_DATA3,GPIO2_PIN13,XBAR1_XBAR_INOUT23,ENET_1G_TDATA3,LPSPI1_SDI,CCM_OBS_M7_CLKO2,GPIO8_PIN13,FLEXPWM3_PWMB1,,,,,,,,
,EMC_B2_04,SEMC_DATA20,USDHC2_RESET_B,SAI2_MCLK,VIDEO_MUX_CSI_DATA21,FLEXSPI2_B_DATA2,GPIO2_PIN14,XBAR1_XBAR_INOUT24,ENET_1G_TDATA2,LPSPI3_SCK,CCM_OBS_GLOBAL_CLKO1,GPIO8_PIN14,FLEXPWM3_PWMA2,,,,,,,,
,EMC_B2_05,SEMC_DATA21,GPT3_CLK,SAI2_RX_SYNC,VIDEO_MUX_CSI_DATA20,FLEXSPI2_B_DATA1,GPIO2_PIN15,XBAR1_XBAR_INOUT25,ENET_1G_RX_CLK,LPSPI3_PCS0,PIT1_TRIGGER0,GPIO8_PIN15,FLEXPWM3_PWMB2,,,,,,,,
,EMC_B2_06,SEMC_DATA22,GPT3_CAPTURE1,SAI2_RX_BCLK,VIDEO_MUX_CSI_DATA19,FLEXSPI2_B_DATA0,GPIO2_PIN16,XBAR1_XBAR_INOUT26,ENET_1G_TX_ER,LPSPI3_SDO,PIT1_TRIGGER1,GPIO8_PIN16,FLEXPWM3_PWMA3,,,,,,,,
,EMC_B2_07,SEMC_DATA23,GPT3_CAPTURE2,SAI2_RX_DATA,VIDEO_MUX_CSI_DATA18,FLEXSPI2_B_DQS,GPIO2_PIN17,XBAR1_XBAR_INOUT27,ENET_1G_RDATA3,LPSPI3_SDI,PIT1_TRIGGER2,GPIO8_PIN17,FLEXPWM3_PWMB3,,,,,,,,
,EMC_B2_08,SEMC_DM2,GPT3_COMPARE1,SAI2_TX_DATA,VIDEO_MUX_CSI_DATA17,FLEXSPI2_B_SS0_B,GPIO2_PIN18,XBAR1_XBAR_INOUT28,ENET_1G_RDATA2,LPSPI3_PCS1,PIT1_TRIGGER3,GPIO8_PIN18,,,,,,,,,
,EMC_B2_09,SEMC_DATA24,GPT3_COMPARE2,SAI2_TX_BCLK,VIDEO_MUX_CSI_DATA16,FLEXSPI2_B_SCLK,GPIO2_PIN19,XBAR1_XBAR_INOUT29,ENET_1G_CRS,LPSPI3_PCS2,QTIMER1_TIMER0,GPIO8_PIN19,,,,,,,,,
,EMC_B2_10,SEMC_DATA25,GPT3_COMPARE3,SAI2_TX_SYNC,VIDEO_MUX_CSI_FIELD,FLEXSPI2_A_SCLK,GPIO2_PIN20,XBAR1_XBAR_INOUT30,ENET_1G_COL,LPSPI3_PCS3,QTIMER1_TIMER1,GPIO8_PIN20,,,,,,,,,
,EMC_B2_11,SEMC_DATA26,SPDIF_IN,ENET_1G_TDATA0,SAI3_RX_SYNC,FLEXSPI2_A_SS0_B,GPIO2_PIN21,XBAR1_XBAR_INOUT31,CCM_OBS_GLOBAL_CLKO2,SIM1_TRXD,QTIMER1_TIMER2,GPIO8_PIN21,,,,,,,,,
,EMC_B2_12,SEMC_DATA27,SPDIF_OUT,ENET_1G_TDATA1,SAI3_RX_BCLK,FLEXSPI2_A_DQS,GPIO2_PIN22,XBAR1_XBAR_INOUT32,CCM_OBS_LPSR_CLKO,SIM1_CLK,QTIMER1_TIMER3,GPIO8_PIN22,,,,,,,,,
,EMC_B2_13,SEMC_DATA28,,ENET_1G_TX_EN,SAI3_RX_DATA,FLEXSPI2_A_DATA0,GPIO2_PIN23,XBAR1_XBAR_INOUT33,TPSMP_LOAD_EN,SIM1_RST_B,QTIMER2_TIMER0,GPIO8_PIN23,,,,,,,,,
,EMC_B2_14,SEMC_DATA29,,ENET_1G_TX_CLK_IO,SAI3_TX_DATA,FLEXSPI2_A_DATA1,GPIO2_PIN24,XBAR1_XBAR_INOUT34,SFA_IPP_DO_ATX_CLK_UNDER_TEST,SIM1_SVEN,QTIMER2_TIMER1,GPIO8_PIN24,,,,,,,,,
,EMC_B2_15,SEMC_DATA30,,ENET_1G_RDATA0,SAI3_TX_BCLK,FLEXSPI2_A_DATA2,GPIO2_PIN25,XBAR1_XBAR_INOUT35,TPSMP_HMASTLOCK,SIM1_PD,QTIMER2_TIMER2,GPIO8_PIN25,,,,,,,,,
,EMC_B2_16,SEMC_DATA31,XBAR1_XBAR_INOUT14,ENET_1G_RDATA1,SAI3_TX_SYNC,FLEXSPI2_A_DATA3,GPIO2_PIN26,,TPSMP_HADDR0,SIM1_POWER_FAIL,QTIMER2_TIMER3,GPIO8_PIN26,,,,,,,,,
,EMC_B2_17,SEMC_DM3,XBAR1_XBAR_INOUT15,ENET_1G_RX_EN,SAI3_MCLK,FLEXSPI2_A_DATA4,GPIO2_PIN27,,TPSMP_HADDR1,WDOG1_WDOG_ANY,QTIMER3_TIMER0,GPIO8_PIN27,,,,,,,,,
,EMC_B2_18,SEMC_DQS4,XBAR1_XBAR_INOUT16,ENET_1G_RX_ER,EWM_EWM_OUT_B,FLEXSPI2_A_DATA5,GPIO2_PIN28,FLEXSPI1_A_DQS,TPSMP_HADDR2,WDOG1_WDOG_B,QTIMER3_TIMER1,GPIO8_PIN28,,,,,,,,,
,EMC_B2_19,SEMC_CLKX0,ENET_MDC,ENET_1G_MDC,ENET_1G_REF_CLK1,FLEXSPI2_A_DATA6,GPIO2_PIN29,,TPSMP_HADDR3,ENET_QOS_MDC,QTIMER3_TIMER2,GPIO8_PIN29,,,,,,,,,
,EMC_B2_20,SEMC_CLKX1,ENET_MDIO,ENET_1G_MDIO,ENET_QOS_REF_CLK1,FLEXSPI2_A_DATA7,GPIO2_PIN30,,TPSMP_HADDR4,ENET_QOS_MDIO,QTIMER3_TIMER3,GPIO8_PIN30,,,,,,,,,
,AD_00,SIM1_TRXD,CAN2_TX,ENET_1G_1588_EVENT1_IN,GPT2_CAPTURE1,FLEXPWM1_PWMA0,GPIO2_PIN31,LPUART7_TX,TPSMP_HADDR5,FLEXIO2_FLEXIO0,FLEXSPI2_B_SS1_B,GPIO8_PIN31,,,,,,,,,ACMP1_IN1
,AD_01,SIM1_CLK,CAN2_RX,ENET_1G_1588_EVENT1_OUT,GPT2_CAPTURE2,FLEXPWM1_PWMB0,GPIO3_PIN0,LPUART7_RX,TPSMP_HADDR6,FLEXIO2_FLEXIO1,FLEXSPI2_A_SS1_B,GPIO9_PIN0,,,,,,,,,ACMP1_IN2
,AD_02,SIM1_RST_B,LPUART7_CTS_B,ENET_1G_1588_EVENT2_IN,GPT2_COMPARE1,FLEXPWM1_PWMA1,GPIO3_PIN1,LPUART8_TX,TPSMP_HADDR7,FLEXIO2_FLEXIO2,VIDEO_MUX_EXT_DCIC1,GPIO9_PIN1,,,,,,,,,ACMP1_IN3
,AD_03,SIM1_SVEN,LPUART7_RTS_B,ENET_1G_1588_EVENT2_OUT,GPT2_COMPARE2,FLEXPWM1_PWMB1,GPIO3_PIN2,LPUART8_RX,TPSMP_HADDR8,FLEXIO2_FLEXIO3,VIDEO_MUX_EXT_DCIC2,GPIO9_PIN2,,,,,,,,,ACMP1_IN4
,AD_04,SIM1_PD,LPUART8_CTS_B,ENET_1G_1588_EVENT3_IN,GPT2_COMPARE3,FLEXPWM1_PWMA2,GPIO3_PIN3,WDOG1_WDOG_B,TPSMP_HADDR9,FLEXIO2_FLEXIO4,QTIMER4_TIMER0,GPIO9_PIN3,,,,,,,,,ACMP2_IN1
,AD_05,SIM1_POWER_FAIL,LPUART8_RTS_B,ENET_1G_1588_EVENT3_OUT,GPT2_CLK,FLEXPWM1_PWMB2,GPIO3_PIN4,WDOG2_WDOG_B,TPSMP_HADDR10,FLEXIO2_FLEXIO5,QTIMER4_TIMER1,GPIO9_PIN4,CCM_OBS_LPSR_CLKO2,,,,,,,,ACMP2_IN2
,AD_06,USB_OTG2_OC,CAN1_TX,SIM2_TRXD,GPT3_CAPTURE1,VIDEO_MUX_CSI_DATA15,GPIO3_PIN5,ENET_1588_EVENT1_IN,TPSMP_HADDR11,FLEXIO2_FLEXIO6,QTIMER4_TIMER2,GPIO9_PIN5,FLEXPWM1_PWMX0,,,,,ADC1_A0,,,
,AD_07,USB_OTG2_PWR,CAN1_RX,SIM2_CLK,GPT3_CAPTURE2,VIDEO_MUX_CSI_DATA14,GPIO3_PIN6,ENET_1588_EVENT1_OUT,TPSMP_HADDR12,FLEXIO2_FLEXIO7,QTIMER4_TIMER3,GPIO9_PIN6,FLEXPWM1_PWMX1,,,,,ADC1_B0,,,
,AD_08,USBPHY2_OTG_ID,LPI2C1_SCL,SIM2_RST_B,GPT3_COMPARE1,VIDEO_MUX_CSI_DATA13,GPIO3_PIN7,ENET_1588_EVENT2_IN,TPSMP_HADDR13,FLEXIO2_FLEXIO8,,GPIO9_PIN7,FLEXPWM1_PWMX2,,,,,ADC1_A1,,,
,AD_09,USBPHY1_OTG_ID,LPI2C1_SDA,SIM2_SVEN,GPT3_COMPARE2,VIDEO_MUX_CSI_DATA12,GPIO3_PIN8,ENET_1588_EVENT2_OUT,TPSMP_HADDR14,FLEXIO2_FLEXIO9,,GPIO9_PIN8,FLEXPWM1_PWMX3,,,,,ADC1_B1,,,
,AD_10,USB_OTG1_PWR,LPI2C1_SCLS,SIM2_PD,GPT3_COMPARE3,VIDEO_MUX_CSI_DATA11,GPIO3_PIN9,ENET_1588_EVENT3_IN,TPSMP_HADDR15,FLEXIO2_FLEXIO10,,GPIO9_PIN9,FLEXPWM2_PWMX0,,,,,ADC1_A2,,,
,AD_11,USB_OTG1_OC,LPI2C1_SDAS,SIM2_POWER_FAIL,GPT3_CLK,VIDEO_MUX_CSI_DATA10,GPIO3_PIN10,ENET_1588_EVENT3_OUT,TPSMP_HADDR16,FLEXIO2_FLEXIO11,,GPIO9_PIN10,FLEXPWM2_PWMX1,,,,,ADC1_B2,,,
,AD_12,SPDIF_LOCK,LPI2C1_HREQ,GPT1_CAPTURE1,FLEXSPI1_B_DATA3,VIDEO_MUX_CSI_PIXCLK,GPIO3_PIN11,ENET_TDATA3,TPSMP_HADDR17,FLEXIO2_FLEXIO12,EWM_EWM_OUT_B,GPIO9_PIN11,FLEXPWM2_PWMX2,,,,,ADC1_A3,ADC2_A3,,
,AD_13,SPDIF_SR_CLK,PIT1_TRIGGER0,GPT1_CAPTURE2,FLEXSPI1_B_DATA2,VIDEO_MUX_CSI_MCLK,GPIO3_PIN12,ENET_TDATA2,TPSMP_HADDR18,FLEXIO2_FLEXIO13,ANATOP_32K_OUT,GPIO9_PIN12,FLEXPWM2_PWMX3,,,,,ADC1_B3,ADC2_B3,,
,AD_14,SPDIF_EXT_CLK,ANATOP_24M_OUT,GPT1_COMPARE1,FLEXSPI1_B_DATA1,VIDEO_MUX_CSI_VSYNC,GPIO3_PIN13,ENET_RX_CLK,TPSMP_HADDR19,FLEXIO2_FLEXIO14,CCM_ENET_REF_CLK_25M,GPIO9_PIN13,FLEXPWM3_PWMX0,,,,,ADC1_A4,ADC2_A4,,
,AD_15,SPDIF_IN,LPUART10_TX,GPT1_COMPARE2,FLEXSPI1_B_DATA0,VIDEO_MUX_CSI_HSYNC,GPIO3_PIN14,ENET_TX_ER,TPSMP_HADDR20,FLEXIO2_FLEXIO15,,GPIO9_PIN14,FLEXPWM3_PWMX1,,,,,ADC1_B4,ADC2_B4,,
,AD_16,SPDIF_OUT,LPUART10_RX,GPT1_COMPARE3,FLEXSPI1_B_SCLK,VIDEO_MUX_CSI_DATA9,GPIO3_PIN15,ENET_RDATA3,TPSMP_HADDR21,FLEXIO2_FLEXIO16,ENET_1G_MDC,GPIO9_PIN15,FLEXPWM3_PWMX2,,,,,ADC1_A5,ADC2_A5,,
,AD_17,SAI1_MCLK,ACMP1_INCMPO,GPT1_CLK,FLEXSPI1_A_DQS,VIDEO_MUX_CSI_DATA8,GPIO3_PIN16,ENET_RDATA2,TPSMP_HADDR22,FLEXIO2_FLEXIO17,ENET_1G_MDIO,GPIO9_PIN16,FLEXPWM3_PWMX3,,,,,ADC1_B5,ADC2_B5,,
,AD_18,SAI1_RX_SYNC,ACMP2_INCMPO,LPSPI1_PCS1,FLEXSPI1_A_SS0_B,VIDEO_MUX_CSI_DATA7,GPIO3_PIN17,ENET_CRS,TPSMP_HADDR23,FLEXIO2_FLEXIO18,LPI2C2_SCL,GPIO9_PIN17,FLEXPWM4_PWMX0,,,,,,ADC2_A0,,
,AD_19,SAI1_RX_BCLK,ACMP3_INCMPO,LPSPI1_PCS2,FLEXSPI1_A_SCLK,VIDEO_MUX_CSI_DATA6,GPIO3_PIN18,ENET_COL,TPSMP_HADDR24,FLEXIO2_FLEXIO19,LPI2C2_SDA,GPIO9_PIN18,FLEXPWM4_PWMX1,,,,,,ADC2_B0,,
,AD_20,SAI1_RX_DATA0,ACMP4_INCMPO,LPSPI1_PCS3,FLEXSPI1_A_DATA0,VIDEO_MUX_CSI_DATA5,GPIO3_PIN19,KPP_ROW7,TPSMP_HADDR25,FLEXIO2_FLEXIO20,ENET_QOS_1588_EVENT2_OUT,GPIO9_PIN19,FLEXPWM4_PWMX2,,,,,,ADC2_A1,,
,AD_21,SAI1_TX_DATA0,,LPSPI2_PCS1,FLEXSPI1_A_DATA1,VIDEO_MUX_CSI_DATA4,GPIO3_PIN20,KPP_COL7,TPSMP_HADDR26,FLEXIO2_FLEXIO21,ENET_QOS_1588_EVENT2_IN,GPIO9_PIN20,FLEXPWM4_PWMX3,,,,,,ADC2_B1,,
,AD_22,SAI1_TX_BCLK,,LPSPI2_PCS2,FLEXSPI1_A_DATA2,VIDEO_MUX_CSI_DATA3,GPIO3_PIN21,KPP_ROW6,TPSMP_HADDR27,FLEXIO2_FLEXIO22,ENET_QOS_1588_EVENT3_OUT,GPIO9_PIN21,,,,,,,ADC2_A2,,
,AD_23,SAI1_TX_SYNC,,LPSPI2_PCS3,FLEXSPI1_A_DATA3,VIDEO_MUX_CSI_DATA2,GPIO3_PIN22,KPP_COL6,TPSMP_HADDR28,FLEXIO2_FLEXIO23,ENET_QOS_1588_EVENT3_IN,GPIO9_PIN22,,,,,,,ADC2_B2,,
,AD_24,LPUART1_TX,LPSPI2_SCK,VIDEO_MUX_CSI_DATA0,ENET_RX_EN,FLEXPWM2_PWMA0,GPIO3_PIN23,KPP_ROW5,TPSMP_HADDR29,FLEXIO2_FLEXIO24,LPI2C4_SCL,GPIO9_PIN23,,,,,,,ADC2_A6,,
,AD_25,LPUART1_RX,LPSPI2_PCS0,VIDEO_MUX_CSI_DATA1,ENET_RX_ER,FLEXPWM2_PWMB0,GPIO3_PIN24,KPP_COL5,TPSMP_HADDR30,FLEXIO2_FLEXIO25,LPI2C4_SDA,GPIO9_PIN24,,,,,,,ADC2_B6,,
,AD_26,LPUART1_CTS_B,LPSPI2_SDO,SEMC_CSX1,ENET_RDATA0,FLEXPWM2_PWMA1,GPIO3_PIN25,KPP_ROW4,TPSMP_HADDR31,FLEXIO2_FLEXIO26,ENET_QOS_MDC,GPIO9_PIN25,USDHC2_CD_B,,,,,,,,ACMP2_IN3
,AD_27,LPUART1_RTS_B,LPSPI2_SDI,SEMC_CSX2,ENET_RDATA1,FLEXPWM2_PWMB1,GPIO3_PIN26,KPP_COL4,TPSMP_HTRANS0,FLEXIO2_FLEXIO27,ENET_QOS_MDIO,GPIO9_PIN26,USDHC2_WP,,,,,,,,ACMP2_IN4
,AD_28,LPSPI1_SCK,LPUART5_TX,SEMC_CSX3,ENET_TX_EN,FLEXPWM2_PWMA2,GPIO3_PIN27,KPP_ROW3,TPSMP_HTRANS1,FLEXIO2_FLEXIO28,VIDEO_MUX_EXT_DCIC1,GPIO9_PIN27,USDHC2_VSELECT,,,,,,,,ACMP3_IN1
,AD_29,LPSPI1_PCS0,LPUART5_RX,ENET_REF_CLK1,ENET_TX_CLK,FLEXPWM2_PWMB2,GPIO3_PIN28,KPP_COL3,TPSMP_HBURST0,FLEXIO2_FLEXIO29,VIDEO_MUX_EXT_DCIC2,GPIO9_PIN28,USDHC2_RESET_B,,,,,,,,ACMP3_IN2
,AD_30,LPSPI1_SDO,USB_OTG2_OC,CAN2_TX,ENET_TDATA0,LPUART3_TX,GPIO3_PIN29,KPP_ROW2,TPSMP_HBURST1,FLEXIO2_FLEXIO30,WDOG2_WDOG_RST_B_DEB,GPIO9_PIN29,,,,,,,,,ACMP3_IN3
,AD_31,LPSPI1_SDI,USB_OTG2_PWR,CAN2_RX,ENET_TDATA1,LPUART3_RX,GPIO3_PIN30,KPP_COL2,TPSMP_HBURST2,FLEXIO2_FLEXIO31,WDOG1_WDOG_RST_B_DEB,GPIO9_PIN30,,,,,,,,,ACMP3_IN4
,AD_32,LPI2C1_SCL,USBPHY2_OTG_ID,CCM_PMIC_RDY,ENET_MDC,USDHC1_CD_B,GPIO3_PIN31,KPP_ROW1,SRC_TESTER_ACK,LPUART10_TX,ENET_1G_MDC,GPIO9_PIN31,,,,,,,,,ACMP4_IN1
,AD_33,LPI2C1_SDA,USBPHY1_OTG_ID,XBAR1_XBAR_INOUT17,ENET_MDIO,USDHC1_WP,GPIO4_PIN0,KPP_COL1,TPSMP_HPROT0,LPUART10_RX,ENET_1G_MDIO,GPIO10_PIN0,,,,,,,,,ACMP4_IN2
,AD_34,ENET_1G_1588_EVENT0_IN,USB_OTG1_PWR,XBAR1_XBAR_INOUT18,ENET_1588_EVENT0_IN,USDHC1_VSELECT,GPIO4_PIN1,KPP_ROW0,TPSMP_HDATA0,LPUART10_CTS_B,WDOG1_WDOG_ANY,GPIO10_PIN1,,,,,,,,,ACMP4_IN3
,AD_35,ENET_1G_1588_EVENT0_OUT,USB_OTG1_OC,XBAR1_XBAR_INOUT19,ENET_1588_EVENT0_OUT,USDHC1_RESET_B,GPIO4_PIN2,KPP_COL0,TPSMP_HDATA1,LPUART10_RTS_B,FLEXSPI1_B_SS1_B,GPIO10_PIN2,,,,,,,,,ACMP4_IN4
,SD_B1_00,USDHC1_CMD,,XBAR1_XBAR_INOUT20,GPT4_CAPTURE1,,GPIO4_PIN3,FLEXSPI2_A_SS0_B,TPSMP_HDATA2,KPP_ROW7,,GPIO10_PIN3,,,,,,,,,
,SD_B1_01,USDHC1_CLK,,XBAR1_XBAR_INOUT21,GPT4_CAPTURE2,,GPIO4_PIN4,FLEXSPI2_A_SCLK,TPSMP_HDATA3,KPP_COL7,,GPIO10_PIN4,,,,,,,,,
,SD_B1_02,USDHC1_DATA0,,XBAR1_XBAR_INOUT22,GPT4_COMPARE1,,GPIO4_PIN5,FLEXSPI2_A_DATA0,TPSMP_HDATA4,KPP_ROW6,FLEXSPI1_A_SS1_B,GPIO10_PIN5,,,,,,,,,
,SD_B1_03,USDHC1_DATA1,,XBAR1_XBAR_INOUT23,GPT4_COMPARE2,,GPIO4_PIN6,FLEXSPI2_A_DATA1,TPSMP_HDATA5,KPP_COL6,FLEXSPI1_B_SS1_B,GPIO10_PIN6,,,,,,,,,
,SD_B1_04,USDHC1_DATA2,,XBAR1_XBAR_INOUT24,GPT4_COMPARE3,,GPIO4_PIN7,FLEXSPI2_A_DATA2,TPSMP_HDATA6,FLEXSPI1_B_SS0_B,ENET_QOS_1588_EVENT2_AUX_IN,GPIO10_PIN7,,,,,,,,,
,SD_B1_05,USDHC1_DATA3,,XBAR1_XBAR_INOUT25,GPT4_CLK,,GPIO4_PIN8,FLEXSPI2_A_DATA3,TPSMP_HDATA7,FLEXSPI1_B_DQS,ENET_QOS_1588_EVENT3_AUX_IN,GPIO10_PIN8,,,,,,,,,
,SD_B2_00,USDHC2_DATA3,FLEXSPI1_B_DATA3,ENET_1G_RX_EN,LPUART9_TX,LPSPI4_SCK,GPIO4_PIN9,,TPSMP_HDATA8,,,GPIO10_PIN9,,,,,,,,,
,SD_B2_01,USDHC2_DATA2,FLEXSPI1_B_DATA2,ENET_1G_RX_CLK,LPUART9_RX,LPSPI4_PCS0,GPIO4_PIN10,,TPSMP_HDATA9,,,GPIO10_PIN10,,,,,,,,,
,SD_B2_02,USDHC2_DATA1,FLEXSPI1_B_DATA1,ENET_1G_RDATA0,LPUART9_CTS_B,LPSPI4_SDO,GPIO4_PIN11,,TPSMP_HDATA10,,,GPIO10_PIN11,,,,,,,,,
,SD_B2_03,USDHC2_DATA0,FLEXSPI1_B_DATA0,ENET_1G_RDATA1,LPUART9_RTS_B,LPSPI4_SDI,GPIO4_PIN12,,TPSMP_HDATA11,,,GPIO10_PIN12,,,,,,,,,
,SD_B2_04,USDHC2_CLK,FLEXSPI1_B_SCLK,ENET_1G_RDATA2,FLEXSPI1_A_SS1_B,LPSPI4_PCS1,GPIO4_PIN13,,TPSMP_HDATA12,,,GPIO10_PIN13,,,,,,,,,
,SD_B2_05,USDHC2_CMD,FLEXSPI1_A_DQS,ENET_1G_RDATA3,FLEXSPI1_B_SS0_B,LPSPI4_PCS2,GPIO4_PIN14,,TPSMP_HDATA13,,,GPIO10_PIN14,,,,,,,,,
,SD_B2_06,USDHC2_RESET_B,FLEXSPI1_A_SS0_B,ENET_1G_TDATA3,LPSPI4_PCS3,GPT6_CAPTURE1,GPIO4_PIN15,,TPSMP_HDATA14,,,GPIO10_PIN15,,,,,,,,,
,SD_B2_07,USDHC2_STROBE,FLEXSPI1_A_SCLK,ENET_1G_TDATA2,LPUART3_CTS_B,GPT6_CAPTURE2,GPIO4_PIN16,LPSPI2_SCK,TPSMP_HDATA15,ENET_TX_ER,ENET_QOS_REF_CLK1,GPIO10_PIN16,,,,,,,,,
,SD_B2_08,USDHC2_DATA4,FLEXSPI1_A_DATA0,ENET_1G_TDATA1,LPUART3_RTS_B,GPT6_COMPARE1,GPIO4_PIN17,LPSPI2_PCS0,TPSMP_HDATA16,,,GPIO10_PIN17,,,,,,,,,
,SD_B2_09,USDHC2_DATA5,FLEXSPI1_A_DATA1,ENET_1G_TDATA0,LPUART5_CTS_B,GPT6_COMPARE2,GPIO4_PIN18,LPSPI2_SDO,TPSMP_HDATA19,,,GPIO10_PIN18,,,,,,,,,
,SD_B2_10,USDHC2_DATA6,FLEXSPI1_A_DATA2,ENET_1G_TX_EN,LPUART5_RTS_B,GPT6_COMPARE3,GPIO4_PIN19,LPSPI2_SDI,TPSMP_HDATA17,,,GPIO10_PIN19,,,,,,,,,
,SD_B2_11,USDHC2_DATA7,FLEXSPI1_A_DATA3,ENET_1G_TX_CLK_IO,ENET_1G_REF_CLK1,GPT6_CLK,GPIO4_PIN20,LPSPI2_PCS1,TPSMP_HDATA18,,,GPIO10_PIN20,,,,,,,,,
,DISP_B1_00,VIDEO_MUX_LCDIF_CLK,ENET_1G_RX_EN,,QTIMER1_TIMER0,XBAR1_XBAR_INOUT26,GPIO4_PIN21,,TPSMP_HDATA20,ENET_QOS_RX_EN,,GPIO10_PIN21,,,,,,,,,
,DISP_B1_01,VIDEO_MUX_LCDIF_ENABLE,ENET_1G_RX_CLK,ENET_1G_RX_ER,QTIMER1_TIMER1,XBAR1_XBAR_INOUT27,GPIO4_PIN22,,TPSMP_HDATA21,ENET_QOS_RX_CLK,ENET_QOS_RX_ER,GPIO10_PIN22,,,,,,,,,
,DISP_B1_02,VIDEO_MUX_LCDIF_HSYNC,ENET_1G_RDATA0,LPI2C3_SCL,QTIMER1_TIMER2,XBAR1_XBAR_INOUT28,GPIO4_PIN23,,TPSMP_HDATA22,ENET_QOS_RDATA0,LPUART1_TX,GPIO10_PIN23,,,,,,,,,
,DISP_B1_03,VIDEO_MUX_LCDIF_VSYNC,ENET_1G_RDATA1,LPI2C3_SDA,QTIMER2_TIMER0,XBAR1_XBAR_INOUT29,GPIO4_PIN24,,TPSMP_HDATA23,ENET_QOS_RDATA1,LPUART1_RX,GPIO10_PIN24,,,,,,,,,
,DISP_B1_04,VIDEO_MUX_LCDIF_DATA0,ENET_1G_RDATA2,LPUART4_RX,QTIMER2_TIMER1,XBAR1_XBAR_INOUT30,GPIO4_PIN25,,TPSMP_HDATA24,ENET_QOS_RDATA2,LPSPI3_SCK,GPIO10_PIN25,,,,,,,,,
,DISP_B1_05,VIDEO_MUX_LCDIF_DATA1,ENET_1G_RDATA3,LPUART4_CTS_B,QTIMER2_TIMER2,XBAR1_XBAR_INOUT31,GPIO4_PIN26,,TPSMP_HDATA25,ENET_QOS_RDATA3,LPSPI3_SDI,GPIO10_PIN26,,,,,,,,,
,DISP_B1_06,VIDEO_MUX_LCDIF_DATA2,ENET_1G_TDATA3,LPUART4_TX,QTIMER3_TIMER0,XBAR1_XBAR_INOUT32,GPIO4_PIN27,SRC_BT_CFG0,TPSMP_HDATA26,ENET_QOS_TDATA3,LPSPI3_SDO,GPIO10_PIN27,,,,,,,,,
,DISP_B1_07,VIDEO_MUX_LCDIF_DATA3,ENET_1G_TDATA2,LPUART4_RTS_B,QTIMER3_TIMER1,XBAR1_XBAR_INOUT33,GPIO4_PIN28,SRC_BT_CFG1,TPSMP_HDATA27,ENET_QOS_TDATA2,LPSPI3_PCS0,GPIO10_PIN28,,,,,,,,,
,DISP_B1_08,VIDEO_MUX_LCDIF_DATA4,ENET_1G_TDATA1,USDHC1_CD_B,QTIMER3_TIMER2,XBAR1_XBAR_INOUT34,GPIO4_PIN29,SRC_BT_CFG2,TPSMP_HDATA28,ENET_QOS_TDATA1,LPSPI3_PCS1,GPIO10_PIN29,,,,,,,,,
,DISP_B1_09,VIDEO_MUX_LCDIF_DATA5,ENET_1G_TDATA0,USDHC1_WP,QTIMER4_TIMER0,XBAR1_XBAR_INOUT35,GPIO4_PIN30,SRC_BT_CFG3,TPSMP_HDATA29,ENET_QOS_TDATA0,LPSPI3_PCS2,GPIO10_PIN30,,,,,,,,,
,DISP_B1_10,VIDEO_MUX_LCDIF_DATA6,ENET_1G_TX_EN,USDHC1_RESET_B,QTIMER4_TIMER1,XBAR1_XBAR_INOUT36,GPIO4_PIN31,SRC_BT_CFG4,TPSMP_HDATA30,ENET_QOS_TX_EN,LPSPI3_PCS3,GPIO10_PIN31,,,,,,,,,
,DISP_B1_11,VIDEO_MUX_LCDIF_DATA7,ENET_1G_TX_CLK_IO,ENET_1G_REF_CLK1,QTIMER4_TIMER2,XBAR1_XBAR_INOUT37,GPIO5_PIN0,SRC_BT_CFG5,TPSMP_HDATA31,ENET_QOS_TX_CLK,ENET_QOS_REF_CLK1,GPIO11_PIN0,,,,,,,,,
,DISP_B2_00,VIDEO_MUX_LCDIF_DATA8,WDOG1_WDOG_B,MQS_RIGHT,ENET_1G_TX_ER,SAI1_TX_DATA3,GPIO5_PIN1,SRC_BT_CFG6,OBSERVE_MUX_OUT0,ENET_QOS_TX_ER,,GPIO11_PIN1,,,,,,,,,
,DISP_B2_01,VIDEO_MUX_LCDIF_DATA9,USDHC1_VSELECT,MQS_LEFT,WDOG2_WDOG_B,SAI1_TX_DATA2,GPIO5_PIN2,SRC_BT_CFG7,OBSERVE_MUX_OUT1,EWM_EWM_OUT_B,CCM_ENET_REF_CLK_25M,GPIO11_PIN2,,,,,,,,,
,DISP_B2_02,VIDEO_MUX_LCDIF_DATA10,ENET_TDATA0,PIT1_TRIGGER3,CSSYS_TRACE0,SAI1_TX_DATA1,GPIO5_PIN3,SRC_BT_CFG8,OBSERVE_MUX_OUT2,ENET_QOS_TDATA0,,GPIO11_PIN3,,,,,,,,,
,DISP_B2_03,VIDEO_MUX_LCDIF_DATA11,ENET_TDATA1,PIT1_TRIGGER2,CSSYS_TRACE1,SAI1_MCLK,GPIO5_PIN4,SRC_BT_CFG9,OBSERVE_MUX_OUT3,ENET_QOS_TDATA1,,GPIO11_PIN4,,,,,,,,,
,DISP_B2_04,VIDEO_MUX_LCDIF_DATA12,ENET_TX_EN,PIT1_TRIGGER1,CSSYS_TRACE2,SAI1_RX_SYNC,GPIO5_PIN5,SRC_BT_CFG10,OBSERVE_MUX_OUT4,ENET_QOS_TX_EN,,GPIO11_PIN5,,,,,,,,,
,DISP_B2_05,VIDEO_MUX_LCDIF_DATA13,ENET_TX_CLK,ENET_REF_CLK1,CSSYS_TRACE3,SAI1_RX_BCLK,GPIO5_PIN6,SRC_BT_CFG11,TPSMP_HPROT1,ENET_QOS_TX_CLK,,GPIO11_PIN6,,,,,,,,,
,DISP_B2_06,VIDEO_MUX_LCDIF_DATA14,ENET_RDATA0,LPUART7_TX,CSSYS_TRACE_CLK,SAI1_RX_DATA0,GPIO5_PIN7,,TPSMP_HPROT2,ENET_QOS_RDATA0,,GPIO11_PIN7,,,,,,,,,
,DISP_B2_07,VIDEO_MUX_LCDIF_DATA15,ENET_RDATA1,LPUART7_RX,CSSYS_TRACE_SWO,SAI1_TX_DATA0,GPIO5_PIN8,,TPSMP_HPROT3,ENET_QOS_RDATA1,,GPIO11_PIN8,,,,,,,,,
,DISP_B2_08,VIDEO_MUX_LCDIF_DATA16,ENET_RX_EN,LPUART8_TX,CM7_IMXRT_TXEV,SAI1_TX_BCLK,GPIO5_PIN9,,SIM_M_HREADYOUT,ENET_QOS_RX_EN,LPUART1_TX,GPIO11_PIN9,,,,,,,,,
,DISP_B2_09,VIDEO_MUX_LCDIF_DATA17,ENET_RX_ER,LPUART8_RX,CM7_IMXRT_RXEV,SAI1_TX_SYNC,GPIO5_PIN10,,SIM_M_HRESP,ENET_QOS_RX_ER,LPUART1_RX,GPIO11_PIN10,,,,,,,,,
,DISP_B2_10,VIDEO_MUX_LCDIF_DATA18,SIM2_TRXD,LPUART2_TX,WDOG2_WDOG_RST_B_DEB,XBAR1_XBAR_INOUT38,GPIO5_PIN11,LPI2C3_SCL,TPSMP_HSIZE0,ENET_QOS_RX_ER,SPDIF_IN,GPIO11_PIN11,,,,,,,,,
,DISP_B2_11,VIDEO_MUX_LCDIF_DATA19,SIM2_CLK,LPUART2_RX,WDOG1_WDOG_RST_B_DEB,XBAR1_XBAR_INOUT39,GPIO5_PIN12,LPI2C3_SDA,TPSMP_HSIZE1,ENET_QOS_CRS,SPDIF_OUT,GPIO11_PIN12,,,,,,,,,
,DISP_B2_12,VIDEO_MUX_LCDIF_DATA20,SIM2_RST_B,CAN1_TX,LPUART2_CTS_B,XBAR1_XBAR_INOUT40,GPIO5_PIN13,LPI2C4_SCL,TPSMP_HSIZE2,ENET_QOS_COL,LPSPI4_SCK,GPIO11_PIN13,,,,,,,,,
,DISP_B2_13,VIDEO_MUX_LCDIF_DATA21,SIM2_SVEN,CAN1_RX,LPUART2_RTS_B,ENET_REF_CLK1,GPIO5_PIN14,LPI2C4_SDA,TPSMP_HWRITE,ENET_QOS_1588_EVENT0_OUT,LPSPI4_SDI,GPIO11_PIN14,,,,,,,,,
,DISP_B2_14,VIDEO_MUX_LCDIF_DATA22,SIM2_PD,WDOG2_WDOG_B,VIDEO_MUX_EXT_DCIC1,ENET_1G_REF_CLK1,GPIO5_PIN15,CAN1_TX,TPSMP_CLK,ENET_QOS_1588_EVENT0_IN,LPSPI4_SDO,GPIO11_PIN15,,,,,,,,,
,DISP_B2_15,VIDEO_MUX_LCDIF_DATA23,SIM2_POWER_FAIL,WDOG1_WDOG_B,VIDEO_MUX_EXT_DCIC2,PIT1_TRIGGER0,GPIO5_PIN16,CAN1_RX,TPSMP_HDATA_DIR,ENET_QOS_1588_EVENT0_AUX_IN,LPSPI4_PCS0,GPIO11_PIN16,,,,,,,,,
