Port,Name,AF0,AF1,AF2,AF3,AF4,AF5,AF6,AF7,AF8,AF9,AF10,AF11,AF12,AF13,AF14,AF15,,
,AD_B0_00,FLEXPWM2_PWMA3,XBAR1_XBAR_INOUT14,ANATOP_32K_OUT,ANATOP_OTG2_ID,LPI2C1_SCLS,GPIO1_PIN0,USDHC1_RESET_B,LPSPI3_SCK,,,,,,,,AD_B0_00,,
,AD_B0_01,FLEXPWM2_PWMB3,XBAR1_XBAR_INOUT15,ANATOP_24M_OUT,ANATOP_OTG1_ID,LPI2C1_SDAS,GPIO1_PIN1,EWM_EWM_OUT_B,LPSPI3_SDO,,,,,,,,AD_B0_01,,
,AD_B0_02,FLEXCAN2_TX,XBAR1_XBAR_INOUT16,LPUART6_TX,USB_OTG1_PWR,FLEXPWM1_PWMX0,GPIO1_PIN2,LPI2C1_HREQ,LPSPI3_SDI,,,,,,,,AD_B0_02,,
,AD_B0_03,FLEXCAN2_RX,XBAR1_XBAR_INOUT17,LPUART6_RX,USB_OTG1_OC,FLEXPWM1_PWMX1,GPIO1_PIN3,ANATOP_24M_OUT,LPSPI3_PCS0,,,,,,,,AD_B0_03,,
,AD_B0_04,SRC_BOOT_MODE0,MQS_RIGHT,ENET_TDATA3,SAI2_TX_SYNC,CSI_DATA9,GPIO1_PIN4,PIT_TRIGGER0,LPSPI3_PCS1,,,,,,,,AD_B0_04,,
,AD_B0_05,SRC_BOOT_MODE1,MQS_LEFT,ENET_TDATA2,SAI2_TX_BCLK,CSI_DATA8,GPIO1_PIN5,XBAR1_XBAR_INOUT17,LPSPI3_PCS2,,,,,,,,AD_B0_05,,
,AD_B0_06,JTAG_TMS,GPT2_COMPARE1,ENET_RX_CLK,SAI2_RX_BCLK,CSI_DATA7,GPIO1_PIN6,XBAR1_XBAR_INOUT18,LPSPI3_PCS3,,,,,,,,AD_B0_06,,
,AD_B0_07,JTAG_TCK,GPT2_COMPARE2,ENET_TX_ER,SAI2_RX_SYNC,CSI_DATA6,GPIO1_PIN7,XBAR1_XBAR_INOUT19,ENET_1588_EVENT3_OUT,,,,,,,,AD_B0_07,,
,AD_B0_08,JTAG_MOD,GPT2_COMPARE3,ENET_RDATA3,SAI2_RX_DATA,CSI_DATA5,GPIO1_PIN8,XBAR1_XBAR_IN20,ENET_1588_EVENT3_IN,,,,,,,,AD_B0_08,,
,AD_B0_09,JTAG_TDI,FLEXPWM2_PWMA3,ENET_RDATA2,SAI2_TX_DATA,CSI_DATA4,GPIO1_PIN9,XBAR1_XBAR_IN21,GPT2_CLK,,,,,,,,AD_B0_09,,
,AD_B0_10,JTAG_TDO,FLEXPWM1_PWMA3,ENET_CRS,SAI2_MCLK,CSI_DATA3,GPIO1_PIN10,XBAR1_XBAR_IN22,ENET_1588_EVENT0_OUT,,,,,,,,AD_B0_10,,
,AD_B0_11,JTAG_TRSTB,FLEXPWM1_PWMB3,ENET_COL,WDOG1_WDOG_B,CSI_DATA2,GPIO1_PIN11,XBAR1_XBAR_IN23,ENET_1588_EVENT0_IN,,,,,,,,AD_B0_11,,
,AD_B0_12,LPI2C4_SCL,CCM_PMIC_RDY,LPUART1_TX,WDOG2_WDOG_B,FLEXPWM1_PWMX2,GPIO1_PIN12,ENET_1588_EVENT1_OUT,CM7_NMI,,,,,,,,AD_B0_12,ADC1_IN1,
,AD_B0_13,LPI2C4_SDA,GPT1_CLK,LPUART1_RX,EWM_EWM_OUT_B,FLEXPWM1_PWMX3,GPIO1_PIN13,ENET_1588_EVENT1_IN,ANATOP_24M_OUT,,,,,,,,AD_B0_13,ADC1_IN2,
,AD_B0_14,USB_OTG2_OC,XBAR1_XBAR_IN24,LPUART1_CTS_B,ENET_1588_EVENT0_OUT,CSI_VSYNC,GPIO1_PIN14,FLEXCAN2_TX,WDOG1_WDOG_ANY,,,,,,,,AD_B0_14,ADC1_IN3,
,AD_B0_15,USB_OTG2_PWR,XBAR1_XBAR_IN25,LPUART1_RTS_B,ENET_1588_EVENT0_IN,CSI_HSYNC,GPIO1_PIN15,FLEXCAN2_RX,WDOG1_WDOG_RST_B_DEB,,,,,,,,AD_B0_15,ADC1_IN4,
,AD_B1_00,ANATOP_OTG2_ID,TMR3_TIMER0,LPUART2_CTS_B,LPI2C1_SCL,WDOG1_WDOG_B,GPIO1_PIN16,USDHC1_WP,KPP_ROW7,,,,,,,,AD_B1_00,ADC1_IN5,ADC2_IN5
,AD_B1_01,USB_OTG1_PWR,TMR3_TIMER1,LPUART2_RTS_B,LPI2C1_SDA,CCM_PMIC_RDY,GPIO1_PIN17,USDHC1_VSELECT,KPP_COL7,,,,,,,,AD_B1_01,ADC1_IN6,ADC2_IN6
,AD_B1_02,ANATOP_OTG1_ID,TMR3_TIMER2,LPUART2_TX,SPDIF_OUT,ENET_1588_EVENT2_OUT,GPIO1_PIN18,USDHC1_CD_B,KPP_ROW6,,,,,,,,AD_B1_02,ADC1_IN7,ADC2_IN7
,AD_B1_03,USB_OTG1_OC,TMR3_TIMER3,LPUART2_RX,SPDIF_IN,ENET_1588_EVENT2_IN,GPIO1_PIN19,USDHC2_CD_B,KPP_COL6,,,,,,,,AD_B1_03,ADC1_IN8,ADC2_IN8
,AD_B1_04,FLEXSPI_B_DATA3,ENET_MDC,LPUART3_CTS_B,SPDIF_SR_CLK,CSI_PIXCLK,GPIO1_PIN20,USDHC2_DATA0,KPP_ROW5,,,,,,,,AD_B1_04,ADC1_IN9,ADC2_IN9
,AD_B1_05,FLEXSPI_B_DATA2,ENET_MDIO,LPUART3_RTS_B,SPDIF_OUT,CSI_MCLK,GPIO1_PIN21,USDHC2_DATA1,KPP_COL5,,,,,,,,AD_B1_05,ADC1_IN10,ADC2_IN10
,AD_B1_06,FLEXSPI_B_DATA1,LPI2C3_SDA,LPUART3_TX,SPDIF_LOCK,CSI_VSYNC,GPIO1_PIN22,USDHC2_DATA2,KPP_ROW4,,,,,,,,AD_B1_06,ADC1_IN11,ADC2_IN11
,AD_B1_07,FLEXSPI_B_DATA0,LPI2C3_SCL,LPUART3_RX,SPDIF_EXT_CLK,CSI_HSYNC,GPIO1_PIN23,USDHC2_DATA3,KPP_COL4,,,,,,,,AD_B1_07,ADC1_IN12,ADC2_IN12
,AD_B1_08,FLEXSPI_A_SS1_B,FLEXPWM4_PWMA0,FLEXCAN1_TX,CCM_PMIC_RDY,CSI_DATA9,GPIO1_PIN24,USDHC2_CMD,KPP_ROW3,,,,,,,,AD_B1_08,ADC1_IN13,ADC2_IN13
,AD_B1_09,FLEXSPI_A_DQS,FLEXPWM4_PWMA1,FLEXCAN1_RX,SAI1_MCLK,CSI_DATA8,GPIO1_PIN25,USDHC2_CLK,KPP_COL3,,,,,,,,AD_B1_09,ADC1_IN14,ADC2_IN14
,AD_B1_10,FLEXSPI_A_DATA3,WDOG1_WDOG_B,LPUART8_TX,SAI1_RX_SYNC,CSI_DATA7,GPIO1_PIN26,USDHC2_WP,KPP_ROW2,,,,,,,,AD_B1_10,ADC1_IN15,ADC2_IN15
,AD_B1_11,FLEXSPI_A_DATA2,EWM_EWM_OUT_B,LPUART8_RX,SAI1_RX_BCLK,CSI_DATA6,GPIO1_PIN27,USDHC2_RESET_B,KPP_COL2,,,,,,,,AD_B1_11,ADC1_IN0,ADC2_IN0
,AD_B1_12,FLEXSPI_A_DATA1,ACMP_OUT0,LPSPI3_PCS0,SAI1_RX_DATA0,CSI_DATA5,GPIO1_PIN28,USDHC2_DATA4,KPP_ROW1,,,,,,,,AD_B1_12,ADC2_IN1,
,AD_B1_13,FLEXSPI_A_DATA0,ACMP_OUT1,LPSPI3_SDI,SAI1_TX_DATA0,CSI_DATA4,GPIO1_PIN29,USDHC2_DATA5,KPP_COL1,,,,,,,,AD_B1_13,ADC2_IN2,
,AD_B1_14,FLEXSPI_A_SCLK,ACMP_OUT2,LPSPI3_SDO,SAI1_TX_BCLK,CSI_DATA3,GPIO1_PIN30,USDHC2_DATA6,KPP_ROW0,,,,,,,,AD_B1_14,ADC2_IN3,
,AD_B1_15,FLEXSPI_A_SS0_B,ACMP_OUT3,LPSPI3_SCK,SAI1_TX_SYNC,CSI_DATA2,GPIO1_PIN31,USDHC2_DATA7,KPP_COL0,,,,,,,,AD_B1_15,ADC2_IN4,
,B0_00,LCDIF_CLK,TMR1_TIMER0,MQS_RIGHT,LPSPI4_PCS0,FLEXIO2_FLEXIO0,GPIO2_PIN0,SEMC_CSX1,SRC_TESTER_ACK,,,,,,,,B0_00,,
,B0_01,LCDIF_ENABLE,TMR1_TIMER1,MQS_LEFT,LPSPI4_SDI,FLEXIO2_FLEXIO1,GPIO2_PIN1,SEMC_CSX2,SIM_M_HPROT0,,,,,,,,B0_01,,
,B0_02,LCDIF_HSYNC,TMR1_TIMER2,FLEXCAN1_TX,LPSPI4_SDO,FLEXIO2_FLEXIO2,GPIO2_PIN2,SEMC_CSX3,TPSMP_HDATA0,,,,,,,,B0_02,,
,B0_03,LCDIF_VSYNC,TMR2_TIMER0,FLEXCAN1_RX,LPSPI4_SCK,FLEXIO2_FLEXIO3,GPIO2_PIN3,WDOG2_WDOG_RST_B_DEB,TPSMP_HDATA1,,,,,,,,B0_03,,
,B0_04,LCDIF_DATA0,TMR2_TIMER1,LPI2C2_SCL,CM7_MX6RT_TRACE0,FLEXIO2_FLEXIO4,GPIO2_PIN4,SRC_BT_CFG0,TPSMP_HDATA2,,,,,,,,B0_04,,
,B0_05,LCDIF_DATA1,TMR2_TIMER2,LPI2C2_SDA,CM7_MX6RT_TRACE1,FLEXIO2_FLEXIO5,GPIO2_PIN5,SRC_BT_CFG1,TPSMP_HDATA3,,,,,,,,B0_05,,
,B0_06,LCDIF_DATA2,TMR3_TIMER0,FLEXPWM2_PWMA0,CM7_MX6RT_TRACE2,FLEXIO2_FLEXIO6,GPIO2_PIN6,SRC_BT_CFG2,TPSMP_HDATA4,,,,,,,,B0_06,,
,B0_07,LCDIF_DATA3,TMR3_TIMER1,FLEXPWM2_PWMB0,CM7_MX6RT_TRACE3,FLEXIO2_FLEXIO7,GPIO2_PIN7,SRC_BT_CFG3,TPSMP_HDATA5,,,,,,,,B0_07,,
,B0_08,LCDIF_DATA4,TMR3_TIMER2,FLEXPWM2_PWMA1,LPUART3_TX,FLEXIO2_FLEXIO8,GPIO2_PIN8,SRC_BT_CFG4,TPSMP_HDATA6,,,,,,,,B0_08,,
,B0_09,LCDIF_DATA5,TMR4_TIMER0,FLEXPWM2_PWMB1,LPUART3_RX,FLEXIO2_FLEXIO9,GPIO2_PIN9,SRC_BT_CFG5,TPSMP_HDATA7,,,,,,,,B0_09,,
,B0_10,LCDIF_DATA6,TMR4_TIMER1,FLEXPWM2_PWMA2,SAI1_TX_DATA3,FLEXIO2_FLEXIO10,GPIO2_PIN10,SRC_BT_CFG6,TPSMP_HDATA8,,,,,,,,B0_10,,
,B0_11,LCDIF_DATA7,TMR4_TIMER2,FLEXPWM2_PWMB2,SAI1_TX_DATA2,FLEXIO2_FLEXIO11,GPIO2_PIN11,SRC_BT_CFG7,TPSMP_HDATA9,,,,,,,,B0_11,,
,B0_12,LCDIF_DATA8,XBAR1_XBAR_INOUT10,CM7_MX6RT_TRACE_CLK,SAI1_TX_DATA1,FLEXIO2_FLEXIO12,GPIO2_PIN12,SRC_BT_CFG8,TPSMP_HDATA10,,,,,,,,B0_12,,
,B0_13,LCDIF_DATA9,XBAR1_XBAR_INOUT11,CM7_MX6RT_TRACE_SWO,SAI1_MCLK,FLEXIO2_FLEXIO13,GPIO2_PIN13,SRC_BT_CFG9,TPSMP_HDATA11,,,,,,,,B0_13,,
,B0_14,LCDIF_DATA10,XBAR1_XBAR_INOUT12,CM7_MX6RT_TXEV,SAI1_RX_SYNC,FLEXIO2_FLEXIO14,GPIO2_PIN14,SRC_BT_CFG10,TPSMP_HDATA12,,,,,,,,B0_14,,
,B0_15,LCDIF_DATA11,XBAR1_XBAR_INOUT13,CM7_MX6RT_RXEV,SAI1_RX_BCLK,FLEXIO2_FLEXIO15,GPIO2_PIN15,SRC_BT_CFG11,TPSMP_HDATA13,,,,,,,,B0_15,,
,B1_00,LCDIF_DATA12,XBAR1_XBAR_INOUT14,LPUART4_TX,SAI1_RX_DATA0,FLEXIO2_FLEXIO16,GPIO2_PIN16,FLEXPWM1_PWMA3,TPSMP_HDATA14,,,,,,,,B1_00,,
,B1_01,LCDIF_DATA13,XBAR1_XBAR_INOUT15,LPUART4_RX,SAI1_TX_DATA0,FLEXIO2_FLEXIO17,GPIO2_PIN17,FLEXPWM1_PWMB3,TPSMP_HDATA15,,,,,,,,B1_01,,
,B1_02,LCDIF_DATA14,XBAR1_XBAR_INOUT16,LPSPI4_PCS2,SAI1_TX_BCLK,FLEXIO2_FLEXIO18,GPIO2_PIN18,FLEXPWM2_PWMA3,TPSMP_HDATA16,,,,,,,,B1_02,,
,B1_03,LCDIF_DATA15,XBAR1_XBAR_INOUT17,LPSPI4_PCS1,SAI1_TX_SYNC,FLEXIO2_FLEXIO19,GPIO2_PIN19,FLEXPWM2_PWMB3,TPSMP_HDATA19,,,,,,,,B1_03,,
,B1_04,LCDIF_DATA16,LPSPI4_PCS0,CSI_DATA15,ENET_RDATA0,FLEXIO2_FLEXIO20,GPIO2_PIN20,CSU_CSU_ALARM_AUT2,TPSMP_HDATA17,,,,,,,,B1_04,,
,B1_05,LCDIF_DATA17,LPSPI4_SDI,CSI_DATA14,ENET_RDATA1,FLEXIO2_FLEXIO21,GPIO2_PIN21,CSU_CSU_ALARM_AUT1,TPSMP_HDATA18,,,,,,,,B1_05,,
,B1_06,LCDIF_DATA18,LPSPI4_SDO,CSI_DATA13,ENET_RX_EN,FLEXIO2_FLEXIO22,GPIO2_PIN22,CSU_CSU_ALARM_AUT0,TPSMP_HDATA20,,,,,,,,B1_06,,
,B1_07,LCDIF_DATA19,LPSPI4_SCK,CSI_DATA12,ENET_TDATA0,FLEXIO2_FLEXIO23,GPIO2_PIN23,CSU_CSU_INT_DEB,TPSMP_HDATA21,,,,,,,,B1_07,,
,B1_08,LCDIF_DATA20,TMR1_TIMER3,CSI_DATA11,ENET_TDATA1,FLEXIO2_FLEXIO24,GPIO2_PIN24,FLEXCAN2_TX,TPSMP_HDATA22,,,,,,,,B1_08,,
,B1_09,LCDIF_DATA21,TMR2_TIMER3,CSI_DATA10,ENET_TX_EN,FLEXIO2_FLEXIO25,GPIO2_PIN25,FLEXCAN2_RX,TPSMP_HDATA23,,,,,,,,B1_09,,
,B1_10,LCDIF_DATA22,TMR3_TIMER3,CSI_DATA0,ENET_TX_CLK,FLEXIO2_FLEXIO26,GPIO2_PIN26,ENET_REF_CLK1,TPSMP_HDATA24,,,,,,,,B1_10,,
,B1_11,LCDIF_DATA23,TMR4_TIMER3,CSI_DATA1,ENET_RX_ER,FLEXIO2_FLEXIO27,GPIO2_PIN27,LPSPI4_PCS3,TPSMP_HDATA25,,,,,,,,B1_11,,
,B1_12,,LPUART5_TX,CSI_PIXCLK,ENET_1588_EVENT0_IN,FLEXIO2_FLEXIO28,GPIO2_PIN28,USDHC1_CD_B,TPSMP_HDATA26,,,,,,,,B1_12,,
,B1_13,WDOG1_WDOG_B,LPUART5_RX,CSI_VSYNC,ENET_1588_EVENT0_OUT,FLEXIO2_FLEXIO29,GPIO2_PIN29,USDHC1_WP,TPSMP_HDATA27,,,,,,,,B1_13,,
,B1_14,ENET_MDC,FLEXPWM4_PWMA2,CSI_HSYNC,XBAR1_XBAR_IN2,FLEXIO2_FLEXIO30,GPIO2_PIN30,USDHC1_VSELECT,TPSMP_HDATA28,,,,,,,,B1_14,,
,B1_15,ENET_MDIO,FLEXPWM4_PWMA3,CSI_MCLK,XBAR1_XBAR_IN3,FLEXIO2_FLEXIO31,GPIO2_PIN31,USDHC1_RESET_B,TPSMP_HDATA29,,,,,,,,B1_15,,
,EMC_00,SEMC_DATA0,FLEXPWM4_PWMA0,LPSPI2_SCK,XBAR1_XBAR_IN2,FLEXIO1_FLEXIO0,GPIO4_PIN0,ANATOP_USBPHY1_TSTI_TX_LS_MODE,SJC_DONE,,,,,,,,EMC_00,,
,EMC_01,SEMC_DATA1,FLEXPWM4_PWMB0,LPSPI2_PCS0,XBAR1_XBAR_IN3,FLEXIO1_FLEXIO1,GPIO4_PIN1,ANATOP_USBPHY1_TSTI_TX_HS_MODE,SJC_DE_B,,,,,,,,EMC_01,,
,EMC_02,SEMC_DATA2,FLEXPWM4_PWMA1,LPSPI2_SDO,XBAR1_XBAR_INOUT4,FLEXIO1_FLEXIO2,GPIO4_PIN2,ANATOP_USBPHY1_TSTI_TX_DN,SJC_FAIL,,,,,,,,EMC_02,,
,EMC_03,SEMC_DATA3,FLEXPWM4_PWMB1,LPSPI2_SDI,XBAR1_XBAR_INOUT5,FLEXIO1_FLEXIO3,GPIO4_PIN3,ANATOP_USBPHY1_TSTO_RX_SQUELCH,SJC_JTAG_ACT,,,,,,,,EMC_03,,
,EMC_04,SEMC_DATA4,FLEXPWM4_PWMA2,SAI2_TX_DATA,XBAR1_XBAR_INOUT6,FLEXIO1_FLEXIO4,GPIO4_PIN4,ANATOP_USBPHY1_TSTO_RX_DISCON_DET,SIM_M_HADDR0,,,,,,,,EMC_04,,
,EMC_05,SEMC_DATA5,FLEXPWM4_PWMB2,SAI2_TX_SYNC,XBAR1_XBAR_INOUT7,FLEXIO1_FLEXIO5,GPIO4_PIN5,ANATOP_USBPHY1_TSTO_RX_HS_RXD,SIM_M_HADDR1,,,,,,,,EMC_05,,
,EMC_06,SEMC_DATA6,FLEXPWM2_PWMA0,SAI2_TX_BCLK,XBAR1_XBAR_INOUT8,FLEXIO1_FLEXIO6,GPIO4_PIN6,ANATOP_USBPHY2_TSTO_RX_FS_RXD,SIM_M_HADDR2,,,,,,,,EMC_06,,
,EMC_07,SEMC_DATA7,FLEXPWM2_PWMB0,SAI2_MCLK,XBAR1_XBAR_INOUT9,FLEXIO1_FLEXIO7,GPIO4_PIN7,ANATOP_USBPHY1_TSTO_RX_FS_RXD,SIM_M_HADDR3,,,,,,,,EMC_07,,
,EMC_08,SEMC_DM0,FLEXPWM2_PWMA1,SAI2_RX_DATA,XBAR1_XBAR_INOUT17,FLEXIO1_FLEXIO8,GPIO4_PIN8,ANATOP_USBPHY1_TSTI_TX_DP,SIM_M_HADDR4,,,,,,,,EMC_08,,
,EMC_09,SEMC_ADDR0,FLEXPWM2_PWMB1,SAI2_RX_SYNC,FLEXCAN2_TX,FLEXIO1_FLEXIO9,GPIO4_PIN9,ANATOP_USBPHY1_TSTI_TX_EN,SIM_M_HADDR5,,,,,,,,EMC_09,,
,EMC_10,SEMC_ADDR1,FLEXPWM2_PWMA2,SAI2_RX_BCLK,FLEXCAN2_RX,FLEXIO1_FLEXIO10,GPIO4_PIN10,ANATOP_USBPHY1_TSTI_TX_HIZ,SIM_M_HADDR6,,,,,,,,EMC_10,,
,EMC_11,SEMC_ADDR2,FLEXPWM2_PWMB2,LPI2C4_SDA,USDHC2_RESET_B,FLEXIO1_FLEXIO11,GPIO4_PIN11,ANATOP_USBPHY2_TSTO_RX_HS_RXD,SIM_M_HADDR7,,,,,,,,EMC_11,,
,EMC_12,SEMC_ADDR3,XBAR1_XBAR_IN24,LPI2C4_SCL,USDHC1_WP,FLEXPWM1_PWMA3,GPIO4_PIN12,ANATOP_USBPHY1_TSTO_PLL_CLK20DIV,SIM_M_HADDR8,,,,,,,,EMC_12,,
,EMC_13,SEMC_ADDR4,XBAR1_XBAR_IN25,LPUART3_TX,MQS_RIGHT,FLEXPWM1_PWMB3,GPIO4_PIN13,ANATOP_USBPHY2_TSTO_PLL_CLK20DIV,SIM_M_HADDR9,,,,,,,,EMC_13,,
,EMC_14,SEMC_ADDR5,XBAR1_XBAR_INOUT19,LPUART3_RX,MQS_LEFT,LPSPI2_PCS1,GPIO4_PIN14,ANATOP_USBPHY2_TSTO_RX_SQUELCH,SIM_M_HADDR10,,,,,,,,EMC_14,,
,EMC_15,SEMC_ADDR6,XBAR1_XBAR_IN20,LPUART3_CTS_B,SPDIF_OUT,TMR3_TIMER0,GPIO4_PIN15,ANATOP_USBPHY2_TSTO_RX_DISCON_DET,SIM_M_HADDR11,,,,,,,,EMC_15,,
,EMC_16,SEMC_ADDR7,XBAR1_XBAR_IN21,LPUART3_RTS_B,SPDIF_IN,TMR3_TIMER1,GPIO4_PIN16,ANATOP_TESTO15,SIM_M_HADDR12,,,,,,,,EMC_16,,
,EMC_17,SEMC_ADDR8,FLEXPWM4_PWMA3,LPUART4_CTS_B,FLEXCAN1_TX,TMR3_TIMER2,GPIO4_PIN17,OCOTP_FUSE_LATCHED,SIM_M_HADDR13,,,,,,,,EMC_17,,
,EMC_18,SEMC_ADDR9,FLEXPWM4_PWMB3,LPUART4_RTS_B,FLEXCAN1_RX,TMR3_TIMER3,GPIO4_PIN18,SNVS_HP_VIO_5_CTL,SIM_M_HADDR14,,,,,,,,EMC_18,,
,EMC_19,SEMC_ADDR11,FLEXPWM2_PWMA3,LPUART4_TX,ENET_RDATA1,TMR2_TIMER0,GPIO4_PIN19,SNVS_HP_VIO_5_B,SIM_M_HADDR15,,,,,,,,EMC_19,,
,EMC_20,SEMC_ADDR12,FLEXPWM2_PWMB3,LPUART4_RX,ENET_RDATA0,TMR2_TIMER1,GPIO4_PIN20,ANATOP_TESTO0,SIM_M_HADDR16,,,,,,,,EMC_20,,
,EMC_21,SEMC_BA0,FLEXPWM3_PWMA3,LPI2C3_SDA,ENET_TDATA1,TMR2_TIMER2,GPIO4_PIN21,ANATOP_TESTO1,SIM_M_HADDR17,,,,,,,,EMC_21,,
,EMC_22,SEMC_BA1,FLEXPWM3_PWMB3,LPI2C3_SCL,ENET_TDATA0,TMR2_TIMER3,GPIO4_PIN22,ANATOP_TESTO2,SIM_M_HADDR18,,,,,,,,EMC_22,,
,EMC_23,SEMC_ADDR10,FLEXPWM1_PWMA0,LPUART5_TX,ENET_RX_EN,GPT1_CAPTURE2,GPIO4_PIN23,ANATOP_TESTO3,SIM_M_HADDR19,,,,,,,,EMC_23,,
,EMC_24,SEMC_CAS,FLEXPWM1_PWMB0,LPUART5_RX,ENET_TX_EN,GPT1_CAPTURE1,GPIO4_PIN24,ANATOP_TESTO4,SIM_M_HADDR20,,,,,,,,EMC_24,,
,EMC_25,SEMC_RAS,FLEXPWM1_PWMA1,LPUART6_TX,ENET_TX_CLK,ENET_REF_CLK1,GPIO4_PIN25,ANATOP_TESTO5,SIM_M_HADDR21,,,,,,,,EMC_25,,
,EMC_26,SEMC_CLK,FLEXPWM1_PWMB1,LPUART6_RX,ENET_RX_ER,FLEXIO1_FLEXIO12,GPIO4_PIN26,ANATOP_TESTO6,SIM_M_HADDR22,,,,,,,,EMC_26,,
,EMC_27,SEMC_CKE,FLEXPWM1_PWMA2,LPUART5_RTS_B,LPSPI1_SCK,FLEXIO1_FLEXIO13,GPIO4_PIN27,ANATOP_TESTO7,SIM_M_HADDR23,,,,,,,,EMC_27,,
,EMC_28,SEMC_WE,FLEXPWM1_PWMB2,LPUART5_CTS_B,LPSPI1_SDO,FLEXIO1_FLEXIO14,GPIO4_PIN28,ANATOP_TESTO8,SIM_M_HADDR24,,,,,,,,EMC_28,,
,EMC_29,SEMC_CS0,FLEXPWM3_PWMA0,LPUART6_RTS_B,LPSPI1_SDI,FLEXIO1_FLEXIO15,GPIO4_PIN29,ANATOP_TESTO9,SIM_M_HADDR25,,,,,,,,EMC_29,,
,EMC_30,SEMC_DATA8,FLEXPWM3_PWMB0,LPUART6_CTS_B,LPSPI1_PCS0,CSI_DATA23,GPIO4_PIN30,ANATOP_TESTO10,SIM_M_HADDR26,,,,,,,,EMC_30,,
,EMC_31,SEMC_DATA9,FLEXPWM3_PWMA1,LPUART7_TX,LPSPI1_PCS1,CSI_DATA22,GPIO4_PIN31,ANATOP_TESTO11,SIM_M_HADDR27,,,,,,,,EMC_31,,
,EMC_32,SEMC_DATA10,FLEXPWM3_PWMB1,LPUART7_RX,CCM_PMIC_RDY,CSI_DATA21,GPIO3_PIN18,ANATOP_TESTO12,SIM_M_HADDR28,,,,,,,,EMC_32,,
,EMC_33,SEMC_DATA11,FLEXPWM3_PWMA2,USDHC1_RESET_B,SAI3_RX_DATA,CSI_DATA20,GPIO3_PIN19,ANATOP_TESTO13,SIM_M_HADDR29,,,,,,,,EMC_33,,
,EMC_34,SEMC_DATA12,FLEXPWM3_PWMB2,USDHC1_VSELECT,SAI3_RX_SYNC,CSI_DATA19,GPIO3_PIN20,ANATOP_TESTO14,SIM_M_HADDR30,,,,,,,,EMC_34,,
,EMC_35,SEMC_DATA13,XBAR1_XBAR_INOUT18,GPT1_COMPARE1,SAI3_RX_BCLK,CSI_DATA18,GPIO3_PIN21,USDHC1_CD_B,SIM_M_HADDR31,,,,,,,,EMC_35,,
,EMC_36,SEMC_DATA14,XBAR1_XBAR_IN22,GPT1_COMPARE2,SAI3_TX_DATA,CSI_DATA17,GPIO3_PIN22,USDHC1_WP,TPSMP_HTRANS0,,,,,,,,EMC_36,,
,EMC_37,SEMC_DATA15,XBAR1_XBAR_IN23,GPT1_COMPARE3,SAI3_MCLK,CSI_DATA16,GPIO3_PIN23,USDHC2_WP,TPSMP_HTRANS1,,,,,,,,EMC_37,,
,EMC_38,SEMC_DM1,FLEXPWM1_PWMA3,LPUART8_TX,SAI3_TX_BCLK,CSI_FIELD,GPIO3_PIN24,USDHC2_VSELECT,SIM_M_HBURST0,,,,,,,,EMC_38,,
,EMC_39,SEMC_DQS,FLEXPWM1_PWMB3,LPUART8_RX,SAI3_TX_SYNC,WDOG1_WDOG_B,GPIO3_PIN25,USDHC2_CD_B,SIM_M_HBURST1,,,,,,,,EMC_39,,
,EMC_40,SEMC_RDY,GPT2_CAPTURE2,LPSPI1_PCS2,USB_OTG2_OC,ENET_MDC,GPIO3_PIN26,USDHC2_RESET_B,SIM_M_HBURST2,,,,,,,,EMC_40,,
,EMC_41,SEMC_CSX0,GPT2_CAPTURE1,LPSPI1_PCS3,USB_OTG2_PWR,ENET_MDIO,GPIO3_PIN27,USDHC1_VSELECT,,,,,,,,,EMC_41,,
,SD_B0_00,USDHC1_CMD,FLEXPWM1_PWMA0,LPI2C3_SCL,XBAR1_XBAR_INOUT4,LPSPI1_SCK,GPIO3_PIN12,FLEXSPI_A_SS1_B,TPSMP_HDATA30,,,,,,,,SD_B0_00,,
,SD_B0_01,USDHC1_CLK,FLEXPWM1_PWMB0,LPI2C3_SDA,XBAR1_XBAR_INOUT5,LPSPI1_PCS0,GPIO3_PIN13,FLEXSPI_B_SS1_B,TPSMP_HDATA31,,,,,,,,SD_B0_01,,
,SD_B0_02,USDHC1_DATA0,FLEXPWM1_PWMA1,LPUART8_CTS_B,XBAR1_XBAR_INOUT6,LPSPI1_SDO,GPIO3_PIN14,CCM_OUT0,OBSERVE_MUX_OUT0,,,,,,,,SD_B0_02,,
,SD_B0_03,USDHC1_DATA1,FLEXPWM1_PWMB1,LPUART8_RTS_B,XBAR1_XBAR_INOUT7,LPSPI1_SDI,GPIO3_PIN15,CCM_OUT1,OBSERVE_MUX_OUT1,,,,,,,,SD_B0_03,,
,SD_B0_04,USDHC1_DATA2,FLEXPWM1_PWMA2,LPUART8_TX,XBAR1_XBAR_INOUT8,FLEXSPI_B_SS0_B,GPIO3_PIN16,CCM_CLKO1,OBSERVE_MUX_OUT2,,,,,,,,SD_B0_04,,
,SD_B0_05,USDHC1_DATA3,FLEXPWM1_PWMB2,LPUART8_RX,XBAR1_XBAR_INOUT9,FLEXSPI_B_DQS,GPIO3_PIN17,CCM_CLKO2,OBSERVE_MUX_OUT3,,,,,,,,SD_B0_05,,
,SD_B1_00,USDHC2_DATA3,FLEXSPI_B_DATA3,FLEXPWM1_PWMA3,SAI1_TX_DATA3,LPUART4_TX,GPIO3_PIN0,CCM_OUT2,OBSERVE_MUX_OUT4,,,,,,,,SD_B1_00,,
,SD_B1_01,USDHC2_DATA2,FLEXSPI_B_DATA2,FLEXPWM1_PWMB3,SAI1_TX_DATA2,LPUART4_RX,GPIO3_PIN1,CCM_DI0_EXT_CLK,SIM_M_HPROT1,,,,,,,,SD_B1_01,,
,SD_B1_02,USDHC2_DATA1,FLEXSPI_B_DATA1,FLEXPWM2_PWMA3,SAI1_TX_DATA1,FLEXCAN1_TX,GPIO3_PIN2,CCM_WAIT,SIM_M_HPROT2,,,,,,,,SD_B1_02,,
,SD_B1_03,USDHC2_DATA0,FLEXSPI_B_DATA0,FLEXPWM2_PWMB3,SAI1_MCLK,FLEXCAN1_RX,GPIO3_PIN3,CCM_PMIC_RDY,SIM_M_HPROT3,,,,,,,,SD_B1_03,,
,SD_B1_04,USDHC2_CLK,FLEXSPI_B_SCLK,LPI2C1_SCL,SAI1_RX_SYNC,FLEXSPI_A_SS1_B,GPIO3_PIN4,CCM_STOP,SIM_M_HREADYOUT,,,,,,,,SD_B1_04,,
,SD_B1_05,USDHC2_CMD,FLEXSPI_A_DQS,LPI2C1_SDA,SAI1_RX_BCLK,FLEXSPI_B_SS0_B,GPIO3_PIN5,CCM_PLL2_BYP,SIM_M_HRESP,,,,,,,,SD_B1_05,,
,SD_B1_06,USDHC2_RESET_B,FLEXSPI_A_SS0_B,LPUART7_CTS_B,SAI1_RX_DATA0,LPSPI2_PCS0,GPIO3_PIN6,CCM_PLL3_BYP,SIM_M_HSIZE0,,,,,,,,SD_B1_06,,
,SD_B1_07,SEMC_CSX1,FLEXSPI_A_SCLK,LPUART7_RTS_B,SAI1_TX_DATA0,LPSPI2_SCK,GPIO3_PIN7,CCM_REF_EN_B,SIM_M_HSIZE1,,,,,,,,SD_B1_07,,
,SD_B1_08,USDHC2_DATA4,FLEXSPI_A_DATA0,LPUART7_TX,SAI1_TX_BCLK,LPSPI2_SDO,GPIO3_PIN8,SEMC_CSX2,SIM_M_HSIZE2,,,,,,,,SD_B1_08,,
,SD_B1_09,USDHC2_DATA5,FLEXSPI_A_DATA1,LPUART7_RX,SAI1_TX_SYNC,LPSPI2_SDI,GPIO3_PIN9,SIM_M_HWRITE,,,,,,,,,SD_B1_09,,
,SD_B1_10,USDHC2_DATA6,FLEXSPI_A_DATA2,LPUART2_RX,LPI2C2_SDA,LPSPI2_PCS2,GPIO3_PIN10,SRC_SYSTEM_RESET,TPSMP_CLK,,,,,,,,SD_B1_10,,
,SD_B1_11,USDHC2_DATA7,FLEXSPI_A_DATA3,LPUART2_TX,LPI2C2_SCL,LPSPI2_PCS3,GPIO3_PIN11,SRC_EARLY_RESET,TPSMP_HDATA_DIR,,,,,,,,SD_B1_11,,
,ON_REQ,SNVS_LP_PMIC_ON_REQ,,,,,GPIO5_PIN1,,,,,,,,,,,,
,STBY_REQ,ccm_PMIC_VSTBY_REQ,,,,,GPIO5_PIN2,,,,,,,,,,,,
,WAKEUP,,,,,,GPIO5_PIN0,,,,,,,,,,,,
